region,location,year,cfe_percent,previous_cfe_percent,cfe_change_percentage_points,cfe_yoy_change_percent,grid_carbon_intensity,carbon_intensity_change
asia-northeast3,Seoul,2019,,,,,490.0,
asia-south1,Mumbai,2019,,,,,752.0,
us-east1,South Carolina,2019,19.0,,,,500.0,
us-west2,Los Angeles,2019,55.0,,,,248.0,
europe-west1,Belgium,2019,68.0,,,,196.0,
europe-west2,London,2019,54.0,,,,257.0,
non-cloud-data-center,Alabama and Tennessee,2019,55.0,,,,306.0,
asia-northeast1,Tokyo,2019,,,,,569.0,
asia-northeast2,Osaka,2019,,,,,414.0,
asia-east1,Taiwan,2019,19.0,,,,541.0,
europe-west6,Zurich,2019,,,,,87.0,
asia-southeast2,Jakarta,2019,,,,,647.0,
southamerica-east1,São Paulo,2019,87.0,,,,109.0,
europe-west4,Netherlands,2019,61.0,,,,474.0,
us-central1,Iowa,2019,78.0,,,,479.0,
us-west4,Las Vegas,2019,13.0,,,,491.0,
us-east4,Northern Virginia,2019,41.0,,,,383.0,
australia-southeast1,Sydney,2019,11.0,,,,725.0,
us-west1,Oregon,2019,89.0,,,,117.0,
asia-east2,Hong Kong,2019,,,,,506.0,
europe-north1,Finland,2019,77.0,,,,181.0,
europe-west3,Frankfurt,2019,61.0,,,,319.0,
asia-southeast1,Singapore,2019,3.0,,,,493.0,
northamerica-northeast1,Montréal,2019,,,,,27.0,
us-west3,Salt Lake City,2019,25.0,,,,561.0,
non-cloud-data-center,Ireland,2019,42.0,26.0,16.0,61.54,342.0,-97.0
non-cloud-data-center,North Carolina,2019,66.0,42.0,24.0,57.14,275.0,-67.0
non-cloud-data-center,Chile,2019,63.0,55.0,8.0,14.55,300.0,-6.0
non-cloud-data-center,Georgia,2019,26.0,63.0,-37.0,-58.73,439.0,139.0
non-cloud-data-center,Oklahoma,2019,96.0,66.0,30.0,45.45,410.0,135.0
asia-northeast1,Tokyo,2020,12.0,,,,554.0,-15.0
northamerica-northeast1,Montréal,2020,,,,,27.0,0.0
asia-south1,Mumbai,2020,12.0,,,,721.0,-31.0
europe-west6,Zurich,2020,,,,,87.0,0.0
asia-northeast3,Seoul,2020,31.0,,,,457.0,-33.0
asia-east2,Hong Kong,2020,,,,,453.0,-53.0
asia-northeast2,Osaka,2020,,,,,442.0,28.0
asia-southeast2,Jakarta,2020,,,,,647.0,0.0
asia-southeast1,Singapore,2020,4.0,3.0,1.0,33.33,493.0,0.0
australia-southeast1,Sydney,2020,11.0,11.0,0.0,0.0,727.0,2.0
us-west4,Las Vegas,2020,19.0,13.0,6.0,46.15,455.0,-36.0
us-east1,South Carolina,2020,27.0,19.0,8.0,42.11,480.0,-20.0
asia-east1,Taiwan,2020,18.0,19.0,-1.0,-5.26,540.0,-1.0
us-west3,Salt Lake City,2020,28.0,25.0,3.0,12.0,533.0,-28.0
us-east4,Northern Virginia,2020,58.0,41.0,17.0,41.46,361.0,-22.0
non-cloud-data-center,Ireland,2020,46.0,42.0,4.0,9.52,312.0,-93.0
non-cloud-data-center,North Carolina,2020,67.0,46.0,21.0,45.65,251.0,-61.0
europe-west2,London,2020,59.0,54.0,5.0,9.26,231.0,-26.0
us-west2,Los Angeles,2020,54.0,55.0,-1.0,-1.82,253.0,5.0
europe-west3,Frankfurt,2020,63.0,61.0,2.0,3.28,293.0,-26.0
europe-west4,Netherlands,2020,60.0,61.0,-1.0,-1.64,410.0,-64.0
non-cloud-data-center,Denmark,2020,90.0,65.0,25.0,38.46,,
non-cloud-data-center,Oklahoma,2020,92.0,67.0,25.0,37.31,382.0,131.0
europe-west1,Belgium,2020,79.0,68.0,11.0,16.18,212.0,16.0
non-cloud-data-center,Chile,2020,65.0,70.0,-5.0,-7.14,290.0,26.0
europe-north1,Finland,2020,94.0,77.0,17.0,22.08,133.0,-48.0
us-central1,Iowa,2020,93.0,78.0,15.0,19.23,454.0,-25.0
southamerica-east1,São Paulo,2020,88.0,87.0,1.0,1.15,103.0,-6.0
us-west1,Oregon,2020,90.0,89.0,1.0,1.12,78.0,-39.0
non-cloud-data-center,Georgia,2020,42.0,90.0,-48.0,-53.33,405.0,
non-cloud-data-center,Texas,2020,37.0,92.0,-55.0,-59.78,371.0,-11.0
non-cloud-data-center,Alabama and Tennessee,2020,70.0,96.0,-26.0,-27.08,264.0,-146.0
australia-southeast2,Melbourne,2021,31.0,,,,521.0,
europe-west6,Zurich,2021,85.0,,,,86.0,-1.0
us-east5,Columbus,2021,64.0,,,,354.13,
asia-south2,Delhi,2021,8.0,,,,671.0,
asia-southeast2,Jakarta,2021,13.0,,,,580.0,-67.0
europe-west9,Paris,2021,,,,,59.0,
europe-southwest1,Madrid,2021,,,,,121.0,
europe-central2,Warsaw,2021,20.0,,,,576.0,
us-south1,Dallas,2021,40.0,,,,296.0,
northamerica-northeast2,Toronto,2021,92.0,,,,29.0,
southamerica-west1,Santiago,2021,69.0,,,,190.0,
asia-east2,Hong Kong,2021,28.0,,,,360.0,-93.0
northamerica-northeast1,Montréal,2021,100.0,,,,0.0,-27.0
europe-west8,Milan,2021,,,,,298.0,
asia-northeast2,Osaka,2021,31.0,,,,384.0,-58.0
asia-southeast1,Singapore,2021,4.0,4.0,0.0,0.0,372.0,-121.0
australia-southeast1,Sydney,2021,21.0,11.0,10.0,90.91,598.0,-129.0
asia-south1,Mumbai,2021,10.0,12.0,-2.0,-16.67,670.0,-51.0
asia-northeast1,Tokyo,2021,16.0,12.0,4.0,33.33,464.0,-90.0
asia-east1,Taiwan,2021,17.0,18.0,-1.0,-5.56,456.0,-84.0
us-west4,Las Vegas,2021,21.0,19.0,2.0,10.53,365.0,-90.0
us-east1,South Carolina,2021,25.0,27.0,-2.0,-7.41,434.0,-46.0
us-west3,Salt Lake City,2021,31.0,28.0,3.0,10.71,448.0,-85.0
asia-northeast3,Seoul,2021,31.0,31.0,0.0,0.0,425.0,-32.0
us-west2,Los Angeles,2021,53.0,54.0,-1.0,-1.85,190.0,-63.0
us-east4,Northern Virginia,2021,64.0,58.0,6.0,10.34,354.13,-6.87
europe-west2,London,2021,57.0,59.0,-2.0,-3.39,172.0,-59.0
europe-west4,Netherlands,2021,53.0,60.0,-7.0,-11.67,283.0,-127.0
europe-west3,Frankfurt,2021,60.0,63.0,-3.0,-4.76,269.0,-24.0
europe-west1,Belgium,2021,82.0,79.0,3.0,3.8,110.0,-102.0
southamerica-east1,São Paulo,2021,78.0,88.0,-10.0,-11.36,129.0,26.0
us-west1,Oregon,2021,88.0,90.0,-2.0,-2.22,60.0,-18.0
us-central1,Iowa,2021,97.0,93.0,4.0,4.3,394.0,-60.0
europe-north1,Finland,2021,91.0,94.0,-3.0,-3.19,127.0,-6.0
europe-west8,Milan,2022,42.0,,,,323.32,25.32
europe-west9,Paris,2022,87.0,,,,70.64,11.64
europe-southwest1,Madrid,2022,67.0,,,,159.59,38.59
europe-west5,N/A,2022,96.0,,,,413.08,
me-west1,N/A,2022,2.0,,,,476.15,
None,Johannesburg,2022,20.0,,,,619.76,
us-central2,Oklahoma,2022,87.0,,,,428.68,
us-east2,Georgia,2022,40.0,,,,379.02,
us-east7,Alabama and Tennessee,2022,63.0,,,,307.96,
asia-southeast1,Singapore,2022,4.0,4.0,0.0,0.0,372.29,0.29
asia-south2,Delhi,2022,23.0,8.0,15.0,187.5,633.0,-38.0
asia-south1,Mumbai,2022,24.0,10.0,14.0,140.0,554.72,-115.28
asia-southeast2,Jakarta,2022,13.0,13.0,0.0,0.0,580.0,0.0
asia-northeast1,Tokyo,2022,16.0,16.0,0.0,0.0,463.18,-0.82
asia-east1,Taiwan,2022,18.0,17.0,1.0,5.88,452.98,-3.02
europe-central2,Warsaw,2022,24.0,20.0,4.0,20.0,737.84,161.84
australia-southeast1,Sydney,2022,27.0,21.0,6.0,28.57,538.46,-59.54
us-west4,Las Vegas,2022,27.0,21.0,6.0,28.57,395.73,30.73
us-east1,South Carolina,2022,26.0,25.0,1.0,4.0,531.75,97.75
asia-east2,Hong Kong,2022,28.0,28.0,0.0,0.0,360.0,0.0
us-west3,Salt Lake City,2022,31.0,31.0,0.0,0.0,606.01,158.01
asia-northeast2,Osaka,2022,32.0,31.0,1.0,3.23,382.88,-1.12
asia-northeast3,Seoul,2022,31.0,31.0,0.0,0.0,425.43,0.43
australia-southeast2,Melbourne,2022,34.0,31.0,3.0,9.68,489.62,-31.38
non-cloud-data-center,Denmark,2022,90.0,37.0,53.0,143.24,127.53,-243.47
non-cloud-data-center,North Carolina,2022,63.0,39.0,24.0,61.54,260.19,-60.51
us-south1,Dallas,2022,41.0,40.0,1.0,2.5,342.08,46.08
europe-west4,Netherlands,2022,57.0,53.0,4.0,7.55,317.26,34.26
us-west2,Los Angeles,2022,56.0,53.0,3.0,5.66,201.83,11.83
europe-west2,London,2022,85.0,57.0,28.0,49.12,165.52,-6.48
europe-west3,Frankfurt,2022,96.0,60.0,36.0,60.0,413.08,144.08
us-east4,Northern Virginia,2022,60.0,64.0,-4.0,-6.25,354.13,0.0
southamerica-west1,Santiago,2022,89.0,69.0,20.0,28.99,165.47,-24.53
southamerica-east1,Sāo Paulo,2022,89.0,78.0,11.0,14.1,65.11,-63.89
europe-west1,Belgium,2022,80.0,82.0,-2.0,-2.44,123.35,13.35
europe-west6,Zurich,2022,85.0,85.0,0.0,0.0,117.86,31.86
us-west1,Oregon,2022,89.0,88.0,1.0,1.14,67.39,7.39
non-cloud-data-center,N/A,2022,39.0,90.0,-51.0,-56.67,320.7,193.17
europe-north1,Finland,2022,97.0,91.0,6.0,6.59,111.55,-15.45
northamerica-northeast2,Toronto,2022,90.0,92.0,-2.0,-2.17,36.38,7.38
us-central1,Iowa,2022,92.0,97.0,-5.0,-5.15,460.31,66.31
northamerica-northeast1,Montréal,2022,100.0,100.0,0.0,0.0,0.25,0.25
me-central2,Dammam,2023,0.0,,,,569.0,
me-central1,Doha,2023,0.0,,,,575.0,
africa-south1,Johannesburg,2023,16.0,,,,646.02,
europe-west10,Berlin,2023,90.0,,,,345.02,
europe-west12,Turin,2023,52.0,,,,248.74,
me-west1,Tel Aviv,2023,5.0,2.0,3.0,150.0,463.13,-13.02
asia-southeast1,Singapore,2023,4.0,4.0,0.0,0.0,369.06,-3.23
asia-southeast2,Jakarta,2023,13.0,13.0,0.0,0.0,580.0,0.0
asia-northeast1,Tokyo,2023,16.0,16.0,0.0,0.0,459.12,-4.06
asia-east1,Taiwan,2023,18.0,18.0,0.0,0.0,450.7,-2.28
asia-south2,Delhi,2023,29.0,23.0,6.0,26.09,529.24,-103.76
europe-central2,Warsaw,2023,31.0,24.0,7.0,29.17,723.34,-14.5
asia-south1,Mumbai,2023,14.0,24.0,-10.0,-41.67,647.8,93.08
us-east1,South Carolina,2023,29.0,26.0,3.0,11.54,559.73,27.98
us-west4,Las Vegas,2023,26.0,27.0,-1.0,-3.7,372.98,-22.75
australia-southeast1,Sydney,2023,33.0,27.0,6.0,22.22,501.22,-37.24
asia-east2,Hong Kong,2023,28.0,28.0,0.0,0.0,360.0,0.0
us-west3,Salt Lake City,2023,29.0,31.0,-2.0,-6.45,588.28,-17.73
asia-northeast3,Seoul,2023,35.0,31.0,4.0,12.9,378.18,-47.25
asia-northeast2,Osaka,2023,30.0,32.0,-2.0,-6.25,384.65,1.77
australia-southeast2,Melbourne,2023,40.0,34.0,6.0,17.65,455.66,-33.96
us-east2,Georgia,2023,42.0,40.0,2.0,5.0,356.61,-22.41
us-south1,Dallas,2023,79.0,41.0,38.0,92.68,321.02,-21.06
europe-west8,Milan,2023,52.0,42.0,10.0,23.81,248.74,-74.58
non-cloud-data-center,North Carolina,2023,63.0,43.0,20.0,46.51,243.09,-69.21
us-west2,Los Angeles,2023,55.0,56.0,-1.0,-1.79,197.73,-4.1
europe-west4,Eemshaven,2023,80.0,57.0,23.0,40.35,235.92,-81.34
us-east4,Northern Virginia,2023,52.0,60.0,-8.0,-13.33,322.44,-31.69
non-cloud-data-center,Denmark,2023,92.0,63.0,29.0,46.03,95.37,-164.82
non-cloud-data-center,Phoenix,2023,48.0,63.0,-15.0,-23.81,263.18,20.09
us-east7,Alabama and Tennessee,2023,65.0,63.0,2.0,3.17,294.77,-13.19
us-east5,Columbus,2023,52.0,64.0,-12.0,-18.75,322.44,-31.69
europe-southwest1,Madrid,2023,76.0,67.0,9.0,13.43,131.38,-28.21
europe-west1,Belgium,2023,82.0,80.0,2.0,2.5,122.3,-1.05
europe-west6,Zurich,2023,92.0,85.0,7.0,8.24,58.67,-59.19
europe-west2,London,2023,92.0,85.0,7.0,8.24,136.49,-29.03
europe-west9,Paris,2023,94.0,87.0,7.0,8.05,34.01,-36.63
us-central2,Oklahoma,2023,87.0,87.0,0.0,0.0,388.48,-40.2
us-west1,Oregon,2023,84.0,89.0,-5.0,-5.62,93.59,26.2
southamerica-east1,Sāo Paulo,2023,90.0,89.0,1.0,1.12,56.38,-8.73
southamerica-west1,Santiago,2023,91.0,89.0,2.0,2.25,137.61,-27.86
northamerica-northeast2,Toronto,2023,87.0,90.0,-3.0,-3.33,47.5,11.12
non-cloud-data-center,N/A,2023,43.0,92.0,-49.0,-53.26,312.3,216.93
us-central1,Iowa,2023,95.0,92.0,3.0,3.26,429.73,-30.58
europe-west5,N/A,2023,90.0,96.0,-6.0,-6.25,345.02,-68.06
europe-west3,Frankfurt,2023,90.0,96.0,-6.0,-6.25,345.02,-68.06
europe-north1,Finland,2023,98.0,97.0,1.0,1.03,46.36,-65.19
northamerica-northeast1,Montréal,2023,100.0,100.0,0.0,0.0,1.78,1.53
europe-north2,Stockholm,2024,100.0,,,,2.73,
northamerica-south1,Mexico,2024,19.0,,,,305.0,
me-central1,Doha,2024,1.0,0.0,1.0,,366.0,-209.0
me-central2,Dammam,2024,1.0,0.0,1.0,,382.23,-186.77
asia-southeast1,Singapore,2024,4.0,4.0,0.0,0.0,366.85,-2.21
me-west1,Tel Aviv,2024,7.0,5.0,2.0,40.0,433.75,-29.38
asia-southeast2,Jakarta,2024,18.0,13.0,5.0,38.46,560.55,-19.45
asia-south1,Mumbai,2024,9.0,14.0,-5.0,-35.71,678.76,30.96
africa-south1,Johannesburg,2024,15.0,16.0,-1.0,-6.25,656.85,10.83
asia-northeast1,Tokyo,2024,17.0,16.0,1.0,6.25,452.85,-6.27
asia-east1,Taiwan,2024,17.0,18.0,-1.0,-5.56,439.29,-11.41
us-west4,Las Vegas,2024,64.0,26.0,38.0,146.15,357.3,-15.68
asia-east2,Hong Kong,2024,1.0,28.0,-27.0,-96.43,505.02,145.02
us-west3,Salt Lake City,2024,33.0,29.0,4.0,13.79,555.17,-33.11
us-east1,South Carolina,2024,31.0,29.0,2.0,6.9,575.77,16.04
asia-south2,Delhi,2024,29.0,29.0,0.0,0.0,531.83,2.59
asia-northeast2,Osaka,2024,46.0,30.0,16.0,53.33,296.19,-88.46
europe-central2,Warsaw,2024,40.0,31.0,9.0,29.03,642.88,-80.46
australia-southeast1,Sydney,2024,34.0,33.0,1.0,3.03,497.5,-3.72
asia-northeast3,Seoul,2024,37.0,35.0,2.0,5.71,356.57,-21.61
australia-southeast2,Melbourne,2024,39.0,40.0,-1.0,-2.5,454.37,-1.29
us-east2,Georgia,2024,42.0,42.0,0.0,0.0,340.42,-16.19
non-cloud-data-center,North Carolina,2024,65.0,47.0,18.0,38.3,245.07,-84.44
non-cloud-data-center,Denmark,2024,91.0,48.0,43.0,89.58,70.4,-192.78
europe-west12,Turin,2024,73.0,52.0,21.0,40.38,201.69,-47.05
us-east4,Northern Virginia,2024,62.0,52.0,10.0,19.23,323.05,0.61
us-east5,Columbus,2024,62.0,52.0,10.0,19.23,323.05,0.61
europe-west8,Milan,2024,73.0,52.0,21.0,40.38,201.69,-47.05
us-west2,Los Angeles,2024,63.0,55.0,8.0,14.55,169.28,-28.45
non-cloud-data-center,Oslo,2024,100.0,65.0,35.0,53.85,6.11,-238.96
us-east7,Alabama and Tennessee,2024,63.0,65.0,-2.0,-3.08,310.28,15.51
europe-southwest1,Madrid,2024,87.0,76.0,11.0,14.47,89.04,-42.34
us-south1,Dallas,2024,94.0,79.0,15.0,18.99,302.95,-18.07
europe-west4,Eemshaven,2024,83.0,80.0,3.0,3.75,208.81,-27.11
europe-west1,Belgium,2024,84.0,82.0,2.0,2.44,103.37,-18.93
us-west1,Oregon,2024,87.0,84.0,3.0,3.57,79.23,-14.36
us-central2,Oklahoma,2024,88.0,87.0,1.0,1.15,372.23,-16.25
northamerica-northeast2,Toronto,2024,84.0,87.0,-3.0,-3.45,58.56,11.06
europe-west10,Berlin,2024,68.0,90.0,-22.0,-24.44,275.82,-69.2
europe-west3,Frankfurt,2024,68.0,90.0,-22.0,-24.44,275.82,-69.2
europe-west5,N/A,2024,68.0,90.0,-22.0,-24.44,275.82,-69.2
southamerica-east1,Sāo Paulo,2024,88.0,90.0,-2.0,-2.22,67.32,10.94
southamerica-west1,Santiago,2024,92.0,91.0,1.0,1.1,238.0,100.39
non-cloud-data-center,Dublin,2024,47.0,91.0,-44.0,-48.35,329.51,259.11
europe-west6,Zürich,2024,98.0,92.0,6.0,6.52,15.05,-43.62
europe-west2,London,2024,79.0,92.0,-13.0,-14.13,105.94,-30.55
europe-west9,Paris,2024,96.0,94.0,2.0,2.13,16.3,-17.71
us-central1,Iowa,2024,87.0,95.0,-8.0,-8.42,412.72,-17.01
europe-north1,Finland,2024,98.0,98.0,0.0,0.0,39.32,-7.04
non-cloud-data-center,Phoenix,2024,52.0,100.0,-48.0,-48.0,243.46,237.35
northamerica-northeast1,Montréal,2024,99.0,100.0,-1.0,-1.0,5.48,3.7